{
    "items": [
        {
            "id": 1,
            "name": "Livre 1",
            "status": false
        },
        {
            "id": 2,
            "name": "Livre 2",
            "status": true
        },
        {
            "id": 3,
            "name": "Livre 3",
            "status": false
        },
        {
            "id": 4,
            "name": "Livre 4",
            "status": false
        },
        {
            "id": 5,
            "name": "Livre 5",
            "status": true
        },
        {
            "id": 6,
            "name": "Livre 6",
            "status": false
        },
        {
            "id": 7,
            "name": "Livre 7",
            "status": true
        },
        {
            "id": 8,
            "name": "Livre 8",
            "status": false
        },
        {
            "id": 9,
            "name": "Livre 9",
            "status": true
        },
        {
            "id": 10,
            "name": "Livre 10",
            "status": false
        },
        {
            "id": 11,
            "name": "Livre 11",
            "status": false
        },
        {
            "id": 12,
            "name": "Livre 12",
            "status": true
        }
    ]
}